df_school,share_leave_white,share_leave_black,share_leave_hisp
FALSE,0.28429120331781493,0.3308217866036652,0.2626966405318738
TRUE,0.5926333150082463,0.3682128375037088,0.35757507844016134
